"0","# Appliquer les étiquettes aux variables"
"0","base_tp2 <- base_tp2 %>% "
"0","  expss::apply_labels("
"0","    region = ""Région"","
"0","    departement=""Département"","
"0","    sexe = ""Le sexe"","
"0","    age  = ""L'âge"","
"0","    sit_mat = ""Situation matrimoniale"","
"0","    si_chef_men = ""Statut dans le ménage"","
"0","    ethnie = ""Ethnie"","
"0","    occupation = ""Occupation"","
"0","    formation = ""Formation"","
"0","    niveau_alphabs = ""Niveau d'alphabétisation"","
"0","    types_varietes = ""Types de variétés pour la production de sésame"","
"0","    types_varietes_1=""Traditionnelles"","
"0","    types_varietes_2=""Améliorées"","
"0","    criteres_var = ""Les critères de choix des variétés de sésame"","
"0","    criteres_var_1=""rendements élevés"","
"0","    criteres_var_2=""taille des graines"","
"0","    criteres_var_3=""résistantes aux maladies/ravageurs"","
"0","    criteres_var_4=""tolérantes aux sécheresses"","
"0","    criteres_var_5=""Tolérantes aux inondations"","
"0","    criteres_var_6=""Faible charge de travail"","
"0","    criteres_var_7=""Faibles quantités d\'intrants"","
"0","    criteres_var_8=""facile à transformer"","
"0","    criteres_var_9=""Haute teneur en huile"","
"0","    criteres_var_10=""Haut rendement après transformation"","
"0","    criteres_var_11=""Demande sur le marché"","
"0","    criteres_var_12=""Bon goût"","
"0","    criteres_var_13=""Belle couleur"","
"0","    criteres_var_14=""Haut rendement en fourrages"","
"0","    criteres_var_15=""Qualité du fourrage"","
"0","    criteres_var_16=""autres à spécifier"")"
"0","    "
