{"working_dir":null,"default_chunk_options":{"echo":true,"message":false,"warning":false},"chunk_definitions":[{"row":54,"row_count":1,"visible":true,"expansion_state":0,"options":{"engine":"r","label":"setup","include":false,"dev":"png"},"document_id":"D4C7229B","chunk_id":"csetup_chunk","chunk_label":"setup"},{"row":121,"row_count":1,"visible":true,"expansion_state":0,"options":{"engine":"r","label":"unnamed-chunk-68","dev":"png"},"document_id":"D4C7229B","chunk_id":"cdmry05y620jz","chunk_label":"unnamed-chunk-2"}],"doc_write_time":1712868942}