"0",""
"0","library(gtsummary)"
"0","tab9<-base_tp2 %>%"
"0","  tbl_summary("
"0","    include =c(criteres_var_1, "
"0","               criteres_var_2, "
"0","               criteres_var_3, "
"0","               criteres_var_4,           "
"0","               criteres_var_5, "
"0","               criteres_var_6, "
"0","               criteres_var_7, "
"0","               criteres_var_8, "
"0","               criteres_var_9,     "
"0","               criteres_var_10,"
"0","               criteres_var_11,"
"0","               criteres_var_12,"
"0","               criteres_var_13,"
"0","               criteres_var_14,"
"0","               criteres_var_15, "
"0","               criteres_var_16),"
"0","    # Variables à inclure dans le tableau"
"0","    by = types_varietes,"
"0","    # Regroupement par la variable 'types_varietes'"
"0","    percent = ""row"","
"0","    # Afficher les pourcentages par ligne"
"0","    label = list("
"0","      criteres_var_1 ~ ""Rendements élevés"","
"0","      criteres_var_2 ~ ""Taille des graines"","
"0","      criteres_var_3 ~ ""Résistantes aux maladies/ravageurs"","
"0","      criteres_var_4 ~ ""Tolérantes aux sécheresses"","
"0","      criteres_var_5 ~ ""Tolérantes aux inondations"","
"0","      criteres_var_6 ~ ""Faible charge de travail"","
"0","      criteres_var_7 ~ ""Faibles quantités d'intrants"","
"0","      criteres_var_8 ~ ""Facile à transformer"","
"0","      criteres_var_9 ~ ""Haute teneur en huile"","
"0","      criteres_var_10 ~ ""Haut rendement après transformation"","
"0","      criteres_var_11 ~ ""Demande sur le marché"","
"0","      criteres_var_12 ~ ""Bon goût"","
"0","      criteres_var_13 ~ ""Belle couleur"","
"0","      criteres_var_14 ~ ""Haut rendement en fourrages"","
"0","      criteres_var_15 ~ ""Qualité du fourrage"","
"0","      criteres_var_16 ~ ""Autres à spécifier"""
"0","    ),"
"0","    # Étiquette pour les variables"
"0","    statistic = list(all_categorical() ~ ""{p}%""),"
"0","    # Statistiques à afficher pour toutes les variables continues"
"0","  ) "
"0","  "
"0",""
"0","knitr::kable(tab9, caption = ""Répartion des producteurs selon le critère et le type de variété "")"
