{"chunk_definitions":[{"row":39,"row_count":1,"visible":true,"expansion_state":0,"options":{"engine":"r","label":"setup","include":false,"dev":"png"},"document_id":"1581479E","chunk_id":"csetup_chunk","chunk_label":"setup"},{"row":51,"row_count":1,"visible":true,"expansion_state":0,"options":{"engine":"r","label":"unnamed-chunk-3","dev":"png"},"document_id":"1581479E","chunk_id":"czidv7m6fm6pd","chunk_label":"unnamed-chunk-1"},{"row":65,"row_count":1,"visible":true,"expansion_state":0,"options":{"engine":"r","label":"unnamed-chunk-4","dev":"png"},"document_id":"1581479E","chunk_id":"c7y6ozs8wmene","chunk_label":"unnamed-chunk-2"},{"row":116,"row_count":1,"visible":true,"expansion_state":0,"options":{"engine":"r","label":"unnamed-chunk-5","dev":"png"},"document_id":"1581479E","chunk_id":"cfrqzowh4mn7t","chunk_label":"unnamed-chunk-4"},{"row":225,"row_count":1,"visible":true,"expansion_state":0,"options":{"engine":"r","warning":false,"label":"unnamed-chunk-6","dev":"png"},"document_id":"1581479E","chunk_id":"cr0s9hnvh9hs0","chunk_label":"unnamed-chunk-5"},{"row":479,"row_count":1,"visible":true,"expansion_state":0,"options":{"engine":"r","label":"unnamed-chunk-10","dev":"png"},"document_id":"1581479E","chunk_id":"cbzo4q45l7655","chunk_label":"unnamed-chunk-19"},{"row":564,"row_count":1,"visible":true,"expansion_state":0,"options":{"engine":"r","label":"unnamed-chunk-9","dev":"png"},"document_id":"1581479E","chunk_id":"cs6arrswdzjc1","chunk_label":"unnamed-chunk-21"}],"doc_write_time":1713051259}