{"working_dir":null,"default_chunk_options":{"echo":true,"message":false,"warning":false},"chunk_definitions":[{"row":24,"row_count":1,"visible":true,"expansion_state":0,"options":{"engine":"r","label":"setup","include":false,"dev":"png"},"document_id":"1581479E","chunk_id":"csetup_chunk","chunk_label":"setup"},{"row":35,"row_count":1,"visible":true,"expansion_state":0,"options":{"engine":"r","label":"unnamed-chunk-69","dev":"png"},"document_id":"1581479E","chunk_id":"c0pacuxwhodih","chunk_label":"unnamed-chunk-1"},{"row":47,"row_count":1,"visible":true,"expansion_state":0,"options":{"engine":"r","label":"unnamed-chunk-70","dev":"png"},"document_id":"1581479E","chunk_id":"c7ldss7idjevy","chunk_label":"unnamed-chunk-2"},{"row":55,"row_count":1,"visible":true,"expansion_state":0,"options":{"engine":"r","label":"unnamed-chunk-71","dev":"png"},"document_id":"1581479E","chunk_id":"cpdc5k945c7re","chunk_label":"unnamed-chunk-3"},{"row":98,"row_count":1,"visible":true,"expansion_state":0,"options":{"engine":"r","label":"unnamed-chunk-8","dev":"png"},"document_id":"1581479E","chunk_id":"c85v7qoowmci4","chunk_label":"unnamed-chunk-4"},{"row":195,"row_count":1,"visible":true,"expansion_state":0,"options":{"engine":"r","label":"unnamed-chunk-6","dev":"png"},"document_id":"1581479E","chunk_id":"cka7sbzjvkvky","chunk_label":"unnamed-chunk-5"},{"row":209,"row_count":1,"visible":true,"expansion_state":0,"options":{"engine":"r","label":"unnamed-chunk-3","dev":"png"},"document_id":"1581479E","chunk_id":"cxd2fr7fqbg6u","chunk_label":"unnamed-chunk-6"},{"row":216,"row_count":1,"visible":true,"expansion_state":0,"options":{"engine":"r","label":"unnamed-chunk-86","dev":"png"},"document_id":"1581479E","chunk_id":"c11uxuiz9vof8","chunk_label":"unnamed-chunk-7"},{"row":246,"row_count":1,"visible":true,"expansion_state":0,"options":{"engine":"r","label":"unnamed-chunk-9","dev":"png"},"document_id":"1581479E","chunk_id":"cingnynybytdz","chunk_label":"unnamed-chunk-10"},{"row":291,"row_count":1,"visible":true,"expansion_state":0,"options":{"engine":"r","label":"unnamed-chunk-102","dev":"png"},"document_id":"1581479E","chunk_id":"c4h1fmvah5nvg","chunk_label":"unnamed-chunk-13"},{"row":303,"row_count":1,"visible":true,"expansion_state":0,"options":{"engine":"r","label":"unnamed-chunk-10","dev":"png"},"document_id":"1581479E","chunk_id":"c6kzrl69jizbw","chunk_label":"unnamed-chunk-14"},{"row":317,"row_count":1,"visible":true,"expansion_state":0,"options":{"engine":"r","dev":"png"},"document_id":"1581479E","chunk_id":"ctkqzjffpaj57","chunk_label":"unnamed-chunk-15"},{"row":323,"row_count":1,"visible":true,"expansion_state":0,"options":{"engine":"r","echo":true,"out.width":"80%","fig.align":"center","fig.cap":"Valeurs aberrantes","label":"unnamed-chunk-74","dev":"png"},"document_id":"1581479E","chunk_id":"cwuovi119q2vn","chunk_label":"unnamed-chunk-16"},{"row":335,"row_count":1,"visible":true,"expansion_state":0,"options":{"engine":"r","echo":true,"out.width":"80%","fig.align":"center","fig.cap":"Age du producteur","label":"unnamed-chunk-105","dev":"png"},"document_id":"1581479E","chunk_id":"cis2m5ecyldvr","chunk_label":"unnamed-chunk-17"},{"row":380,"row_count":1,"visible":true,"expansion_state":0,"options":{"engine":"r","label":"unnamed-chunk-10","dev":"png"},"document_id":"1581479E","chunk_id":"c4dax71ve1g2b","chunk_label":"unnamed-chunk-18"}],"doc_write_time":1712889000,"chunk_rendered_width":675}