{"chunk_definitions":[{"row":24,"row_count":1,"visible":true,"expansion_state":0,"options":{"engine":"r","label":"setup","include":false,"dev":"png"},"document_id":"1581479E","chunk_id":"csetup_chunk","chunk_label":"setup"},{"row":38,"row_count":1,"visible":true,"expansion_state":0,"options":{"engine":"r","label":"unnamed-chunk-39","dev":"png"},"document_id":"1581479E","chunk_id":"c0pacuxwhodih","chunk_label":"unnamed-chunk-1"},{"row":50,"row_count":1,"visible":true,"expansion_state":0,"options":{"engine":"r","label":"unnamed-chunk-40","dev":"png"},"document_id":"1581479E","chunk_id":"c7ldss7idjevy","chunk_label":"unnamed-chunk-2"},{"row":58,"row_count":1,"visible":true,"expansion_state":0,"options":{"engine":"r","label":"unnamed-chunk-41","dev":"png"},"document_id":"1581479E","chunk_id":"cpdc5k945c7re","chunk_label":"unnamed-chunk-3"},{"row":102,"row_count":1,"visible":true,"expansion_state":0,"options":{"engine":"r","label":"unnamed-chunk-18","dev":"png"},"document_id":"1581479E","chunk_id":"c85v7qoowmci4","chunk_label":"unnamed-chunk-4"},{"row":213,"row_count":1,"visible":true,"expansion_state":0,"options":{"engine":"r","warning":false,"label":"unnamed-chunk-22","dev":"png"},"document_id":"1581479E","chunk_id":"cka7sbzjvkvky","chunk_label":"unnamed-chunk-5"},{"row":228,"row_count":1,"visible":true,"expansion_state":0,"options":{},"document_id":"1581479E","chunk_id":"caplvi2ptdxv6","chunk_label":"unnamed-chunk-6"},{"row":257,"row_count":1,"visible":true,"expansion_state":0,"options":{},"document_id":"1581479E","chunk_id":"ca7uzg0vmmjqa","chunk_label":"unnamed-chunk-7"},{"row":267,"row_count":1,"visible":true,"expansion_state":0,"options":{},"document_id":"1581479E","chunk_id":"cy2vbvxm82nrk","chunk_label":"unnamed-chunk-8"},{"row":278,"row_count":1,"visible":true,"expansion_state":0,"options":{},"document_id":"1581479E","chunk_id":"cevcw5ain64xq","chunk_label":"unnamed-chunk-9"},{"row":288,"row_count":1,"visible":true,"expansion_state":0,"options":{},"document_id":"1581479E","chunk_id":"ceekc5rablgf1","chunk_label":"unnamed-chunk-10"},{"row":300,"row_count":1,"visible":true,"expansion_state":0,"options":{},"document_id":"1581479E","chunk_id":"crzr89wel0qmp","chunk_label":"unnamed-chunk-11"},{"row":316,"row_count":1,"visible":true,"expansion_state":0,"options":{"engine":"r","label":"unnamed-chunk-20","dev":"png"},"document_id":"1581479E","chunk_id":"c611g0jhl5rqa","chunk_label":"unnamed-chunk-12"},{"row":333,"row_count":1,"visible":true,"expansion_state":0,"options":{"engine":"r","label":"unnamed-chunk-102","dev":"png"},"document_id":"1581479E","chunk_id":"c4h1fmvah5nvg","chunk_label":"unnamed-chunk-13"},{"row":345,"row_count":1,"visible":true,"expansion_state":0,"options":{},"document_id":"1581479E","chunk_id":"cw0pmsr58uqer","chunk_label":"unnamed-chunk-14"},{"row":367,"row_count":1,"visible":true,"expansion_state":0,"options":{},"document_id":"1581479E","chunk_id":"cpwthc91b2p9g","chunk_label":"unnamed-chunk-15"},{"row":391,"row_count":1,"visible":true,"expansion_state":0,"options":{"engine":"r","label":"unnamed-chunk-32","dev":"png"},"document_id":"1581479E","chunk_id":"c6b8wb5kr8rlf","chunk_label":"unnamed-chunk-16"},{"row":449,"row_count":1,"visible":true,"expansion_state":0,"options":{},"document_id":"1581479E","chunk_id":"com0zj4g1mng2","chunk_label":"unnamed-chunk-17"}],"doc_write_time":1712963978,"chunk_rendered_width":513,"working_dir":null,"default_chunk_options":{"echo":true,"message":false,"warning":false}}