"0",""
"0","# Recoder la variable ""sexe"""
"0","base_tp2$sexe <- recode(base_tp2$sexe,"
"0","                         '1' = 'Homme',"
"0","                         '2' = 'Femme')"
"0",""
"0",""
"0",""
"0","# Recoder la variable ""sit_mat"""
"0","base_tp2$sit_mat <- recode(base_tp2$sit_mat,"
"0","                            '1' = 'Marié(e)',"
"0","                            '3' = 'Veuf(ve)',"
"0","                            '4' = 'Divorcé(e)',"
"0","                            '5' = 'Séparé(e)',"
"0","                            '6' = 'Célibataire')"
"0",""
"0","# Recoder la variable ""si_chef_men"""
"0","base_tp2$si_chef_men <- recode(base_tp2$si_chef_men,"
"0","                                '1' = 'Femme du chef de ménage',"
"0","                                '2' = 'Chef de ménage',"
"0","                                '3' = 'Fils/fille du chef de ménage',"
"0","                                '99' = 'Autres')"
"0",""
"0","# Recoder la variable ""ethnie"""
"0","base_tp2$ethnie <- recode(base_tp2$ethnie,"
"0","                           '1' = 'Wolof',"
"0","                           '2' = 'Pulaar/Toucouleur',"
"0","                           '3' = 'Sérère',"
"0","                           '4' = 'Mandika/Bambara',"
"0","                           '5' = 'Soninké',"
"0","                           '6' = 'Diola',"
"0","                           '7' = 'Manjack',"
"0","                           '8' = 'Bainouk',"
"0","                           '9' = 'Maures',"
"0","                           '10' = 'Balante',"
"0","                           '77' = 'Autre')"
"0",""
"0","# Recodage de la variable ""Occupation"""
"0","base_tp2$occupation <- recode(base_tp2$occupation,"
"0","                               '1' = 'Agriculture, Elevage, Sylviculture, Pêche',"
"0","                               '2' = 'Activités extractives',"
"0","                               '3' = 'Activités de fabrication (Artisanat)',"
"0","                               '4' = 'Activité de transformation',"
"0","                               '5' = ""Production et distribution d'électricité "
"0","                              et de gaz"","
"0","                               '6' = 'Production et distribution d\'eau, "
"0","                              assainissement, "
"0","                              traitement des déchets et dépollution')"
"0",""
"0","# Recodage de la variable ""Niveau d'alphabétisation"""
"0","base_tp2$niveau_alphabs <- recode(base_tp2$niveau_alphabs,"
"0","                                  '0' = 'Sans niveau',"
"0","                                  '1' = 'Sait lire dans une langue',"
"0","                                  '2' = 'Sait lire et écrire dans une langue')"
"0",""
"0","# Recodage de la variable ""Formation"""
"0","base_tp2$formation <- recode(base_tp2$formation,"
"0","                              '1' = 'Non scolarisé',"
"0","                              '2' = 'Élémentaire',"
"0","                              '3' = 'Moyen',"
"0","                              '4' = 'Secondaire',"
"0","                              '5' = 'Licence',"
"0","                              '6' = 'Master',"
"0","                              '7' = 'Doctorat',"
"0","                              '99' = 'Ne sait pas')"
"0",""
"0","# Recodage de la variable ""types_varietes"""
"0","base_tp2$types_varietes <- recode(base_tp2$types_varietes,"
"0","                              '1' = 'Traditionnelles',"
"0","                              '2' = 'Améliorées',"
"0","                              )"
"0",""
"0","# Recodage de la variable ""types de variétés"""
"0","base_tp2$criteres_var <- recode(base_tp2$criteres_var,"
"0","                                  '1' = 'rendements élevés',"
"0","                                  '2' = 'taille des graines',"
"0","                                  '3' = 'résistantes aux maladies/ravageurs',"
"0","                                  '4' = 'tolérantes aux sécheresses',"
"0","                                  '5' = 'Tolérantes aux inondations',"
"0","                                  '6' = 'Faible charge de travail',"
"0","                                  '7' = 'Faibles quantités d\'intrants',"
"0","                                  '8' = 'facile à transformer',"
"0","                                  '9' = 'Haute teneur en huile',"
"0","                                  '10' = 'Haut rendement après transformation',"
"0","                                  '11' = 'Demande sur le marché',"
"0","                                  '12' = 'Bon goût',"
"0","                                  '13' = 'Belle couleur',"
"0","                                  '14' = 'Haut rendement en fourrages',"
"0","                                  '15' = 'Qualité du fourrage',"
"0","                                  '16' = 'autres à spécifier')"
"0",""
"0","# Création d'une liste de variables composées de criteres_var_1 à criteres_var_16"
"0","liste_variables <- paste(""criteres_var_"", 1:16, sep = """")"
"0",""
"0","#utilise la fonction lapply pour appliquer la fonction factor à chaque variable spécifiée dans la liste liste_variables de la base de donnée"
"0","base_tp2[liste_variables] <- lapply(base_tp2[liste_variables], factor)"
"0",""
"0","# Appliquons la fonction recode à chaque variable de la liste grace à lapply"
"0","base_tp2[liste_variables] <- lapply(base_tp2[liste_variables], function(x) {"
"0","  recode(x, ""1"" = ""oui"", ""0"" = ""non"")"
"0","})"
"0",""
