"0","library(gtsummary)"
"0","tab8<-base_tp2 %>%"
"0","  tbl_summary("
"0","    include =c(formation),"
"0","    # Variables à inclure dans le tableau"
"0","    by = types_varietes,"
"0","    # Regroupement par la variable 'types_varietes'"
"0","    percent = ""column"","
"0","    # Afficher les pourcentages par ligne"
"0","    # Étiquette pour les variables"
"0","    statistic = list(all_categorical() ~ ""{p}%"")"
"0","    # Statistiques à afficher pour toutes les variables catégorielles"
"0","  ) "
"0","  "
"0","knitr::kable(tab8, caption = ""Répartition selon la formation et le type de variété "")"
