"0",""
"0","# ggplot() est une fonction utilisée pour créer des graphiques avec ggplot2."
"0",""
"0","ggplot(base_tp2, aes(x=""sexe"", fill = sexe)) +  "
"0","    # aes() est une fonction qui spécifie les associations entre les variables et les esthétiques dans ggplot2."
"0","    # x=""sexe"" spécifie que la variable ""sexe"" sera représentée sur l'axe des x."
"0","    # fill=sexe spécifie que la variable ""sexe"" sera utilisée pour remplir les barres du graphique."
"0",""
"0","    geom_bar(width = 1, color = ""white"") +  "
"0","    # geom_bar() est une fonction qui crée un graphique en barres."
"0","    # width = 1 spécifie la largeur des barres."
"0","    # color = ""white"" spécifie la couleur des contours des barres."
"0",""
"0","    coord_polar(theta = ""y"") +  "
"0","    # coord_polar() est une fonction qui transforme le graphique en coordonnées polaires."
"0","    # theta = ""y"" spécifie que l'angle des secteurs sera proportionnel à la variable y (ici, la fréquence)."
"0",""
"0","    labs(title = ""Répartition par ethnie"")  "
