"0",""
"0","# Résumé statistique de la variable ""age"" dans la base de données ""base_tp2"""
"0","# na.rm=TRUE indique de retirer les valeurs manquantes lors du calcul du résumé"
"0","summary(base_tp2$age, na.rm=TRUE)"
"1","   Min. "
"1","1st Qu. "
"1"," Median "
"1","   Mean "
"1","3rd Qu. "
"1","   Max. "
"1","
"
"1","   24.0 "
"1","   39.0 "
"1","   49.0 "
"1","   48.6 "
"1","   58.0 "
"1","   80.0 "
"1","
"
"0","# Création d'un histogramme de la variable ""age"" dans la base de données ""base_tp2"""
"0","hist("
"0","  base_tp2$age,  # Variable à représenter sur l'histogramme"
"0","  breaks = 3,    # Nombre de classes pour regrouper les données "
"0","                  #(3 classes dans ce cas)"
"0","  col = ""skyblue"",  # Couleur des barres de l'histogramme"
"0","  # Titre de l'histogramme"
"0","  main = ""Répartition des individus en fonction de leur âge"","
"0","  xlab = ""Âge"",  # Étiquette de l'axe des x"
"0","  ylab = ""Effectif""  # Étiquette de l'axe des y"
"0",")"
"0",""
